{
    "Metrics": {
        "Accuracy": 0.8841317365269461,
        "Precision": 0.884951394582845,
        "Recall": 0.8841317365269461,
        "F1 Score": 0.8839375625046734
    },
    "Training Time (s)": 34.31199407577515,
    "Energy Consumption (kWh)": 0.000683095730770224
}