{
    "Metrics": {
        "Accuracy": 0.8721556886227545,
        "Precision": 0.8729393547786747,
        "Recall": 0.8721556886227545,
        "F1 Score": 0.8719379613094485
    },
    "Training Time (s)": 2384.1504480838776,
    "Energy Consumption (kWh)": 0.024548953269439122
}