{
    "Latency (s)": 0.02921915054321289,
    "Energy Consumption (kWh)": 2.3381751137069546e-06,
    "Metrics": {
        "Accuracy": 0.569,
        "Precision": 0.6843657817109144,
        "Recall": 0.4172661870503597,
        "F1 Score": 0.5184357541899441
    }
}