{
    "Metrics": {
        "Accuracy": 0.6288922155688623,
        "Precision": 0.708493549119646,
        "Recall": 0.6288922155688623,
        "F1 Score": 0.5986523578678433
    },
    "Training Time (s)": 0.07866430282592773,
    "Energy Consumption (kWh)": 3.2594446137931634e-06
}