{
    "Latency (s)": 0.24131035804748535,
    "Energy Consumption (kWh)": 6.970621434739745e-06,
    "Metrics": {
        "Accuracy": 0.5312365359758725,
        "Precision": 0.5382524002586948,
        "Recall": 0.5312365359758725,
        "F1 Score": 0.5087096734028115
    }
}