{
    "Latency (s)": 0.18874430656433105,
    "Energy Consumption (kWh)": 5.1259009335834475e-06,
    "Metrics": {
        "Accuracy": 0.483196897888841,
        "Precision": 0.49131789848619767,
        "Recall": 0.950883239982766,
        "F1 Score": 0.6478790547482753
    }
}