{
    "Latency (s)": 0.07483863830566406,
    "Energy Consumption (kWh)": 3.9151088086015153e-07,
    "Metrics": {
        "Accuracy": 0.598,
        "Precision": 0.6673913043478261,
        "Recall": 0.552158273381295,
        "F1 Score": 0.6043307086614174
    }
}