{
    "Metrics": {
        "Accuracy": 0.8808383233532934,
        "Precision": 0.8811932184891135,
        "Recall": 0.8808383233532934,
        "F1 Score": 0.8808764820253535
    },
    "Training Time (s)": 4.798486948013306,
    "Energy Consumption (kWh)": 0.00011248344105885219
}