{
    "Metrics": {
        "Accuracy": 0.8616766467065868,
        "Precision": 0.8616646116019033,
        "Recall": 0.8616766467065868,
        "F1 Score": 0.8616693915621767
    },
    "Training Time (s)": 4.809615612030029,
    "Energy Consumption (kWh)": 7.425967866104367e-05
}