{
    "Latency (s)": 0.1162726879119873,
    "Energy Consumption (kWh)": 2.3309013602803135e-06,
    "Metrics": {
        "Accuracy": 0.5407152089616545,
        "Precision": 0.5446624180579648,
        "Recall": 0.5407152089616545,
        "F1 Score": 0.5303381766494255
    }
}