{
    "Metrics": {
        "Accuracy": 0.8794910179640718,
        "Precision": 0.8794908756084958,
        "Recall": 0.8794910179640718,
        "F1 Score": 0.8794509377846609
    },
    "Training Time (s)": 47.01933264732361,
    "Energy Consumption (kWh)": 0.0012447686538579316
}