{
    "Latency (s)": 0.020642757415771484,
    "Energy Consumption (kWh)": 1.1847915553586174e-07,
    "Metrics": {
        "Accuracy": 0.586,
        "Precision": 0.6802030456852792,
        "Recall": 0.48201438848920863,
        "F1 Score": 0.5642105263157895
    }
}