{
    "Metrics": {
        "Accuracy": 0.8585329341317365,
        "Precision": 0.8590980344651,
        "Recall": 0.8585329341317365,
        "F1 Score": 0.8583009028239222
    },
    "Training Time (s)": 3312.793309688568,
    "Energy Consumption (kWh)": 0.049114653371812714
}