{
    "Latency (s)": 0.020178794860839844,
    "Energy Consumption (kWh)": 1.1601288181020377e-07,
    "Metrics": {
        "Accuracy": 0.563,
        "Precision": 0.6950819672131148,
        "Recall": 0.381294964028777,
        "F1 Score": 0.4924506387921022
    }
}