{
    "Latency (s)": 3.9055726528167725,
    "Energy Consumption (kWh)": 6.994364746134768e-05,
    "Metrics": {
        "Accuracy": 0.5264971994829815,
        "Precision": 0.5270371555256536,
        "Recall": 0.5264971994829815,
        "F1 Score": 0.5241212691074589
    }
}