{
    "Latency (s)": 19.020005464553833,
    "Energy Consumption (kWh)": 0.0006846818336374114,
    "Metrics": {
        "Accuracy": 0.9,
        "Precision": 0.9173310225303293,
        "Recall": 0.9,
        "F1 Score": 0.8994584207549213
    }
}